Item,Category,Label,Content
1,1,Category 1 Label 1,Category 1 Content 1
2,1,Category 1 Label 2,Category 1 Content 2
3,1,Category 1 Label 3,Category 1 Content 3
4,1,Category 1 Label 4,Category 1 Content 4
5,1,Category 1 Label 5,Category 1 Content 5
6,1,Category 1 Label 6,Category 1 Content 6
7,1,Category 1 Label 7,Category 1 Content 7
8,1,Category 1 Label 8,Category 1 Content 8
9,1,Category 1 Label 9,Category 1 Content 9
10,1,Category 1 Label 10,Category 1 Content 10
11,1,Category 1 Label 11,Category 1 Content 11
12,1,Category 1 Label 12,Category 1 Content 12
13,1,Category 1 Label 13,Category 1 Content 13
14,1,Category 1 Label 14,Category 1 Content 14
15,1,Category 1 Label 15,Category 1 Content 15
16,1,Category 1 Label 16,Category 1 Content 16
17,1,Category 1 Label 17,Category 1 Content 17
18,1,Category 1 Label 18,Category 1 Content 18
19,1,Category 1 Label 19,Category 1 Content 19
20,1,Category 1 Label 20,Category 1 Content 20
21,1,Category 1 Label 21,Category 1 Content 21
22,1,Category 1 Label 22,Category 1 Content 22
23,1,Category 1 Label 23,Category 1 Content 23
24,1,Category 1 Label 24,Category 1 Content 24
25,1,Category 1 Label 25,Category 1 Content 25
26,1,Category 1 Label 26,Category 1 Content 26
27,1,Category 1 Label 27,Category 1 Content 27
28,1,Category 1 Label 28,Category 1 Content 28
29,1,Category 1 Label 29,Category 1 Content 29
30,1,Category 1 Label 30,Category 1 Content 30
31,1,Category 1 Label 31,Category 1 Content 31
32,1,Category 1 Label 32,Category 1 Content 32
33,2,Category 2 Label 1,Category 2 Content 1
34,2,Category 2 Label 2,Category 2 Content 2
35,2,Category 2 Label 3,Category 2 Content 3
36,2,Category 2 Label 4,Category 2 Content 4
37,2,Category 2 Label 5,Category 2 Content 5
38,2,Category 2 Label 6,Category 2 Content 6
39,2,Category 2 Label 7,Category 2 Content 7
40,2,Category 2 Label 8,Category 2 Content 8
41,2,Category 2 Label 9,Category 2 Content 9
42,2,Category 2 Label 10,Category 2 Content 10
43,2,Category 2 Label 11,Category 2 Content 11
44,2,Category 2 Label 12,Category 2 Content 12
45,2,Category 2 Label 13,Category 2 Content 13
46,2,Category 2 Label 14,Category 2 Content 14
47,2,Category 2 Label 15,Category 2 Content 15
48,2,Category 2 Label 16,Category 2 Content 16
49,2,Category 2 Label 17,Category 2 Content 17
50,2,Category 2 Label 18,Category 2 Content 18
51,2,Category 2 Label 19,Category 2 Content 19
52,2,Category 2 Label 20,Category 2 Content 20
53,2,Category 2 Label 21,Category 2 Content 21
54,2,Category 2 Label 22,Category 2 Content 22
55,2,Category 2 Label 23,Category 2 Content 23
56,2,Category 2 Label 24,Category 2 Content 24
57,2,Category 2 Label 25,Category 2 Content 25
58,2,Category 2 Label 26,Category 2 Content 26
59,2,Category 2 Label 27,Category 2 Content 27
60,2,Category 2 Label 28,Category 2 Content 28
61,2,Category 2 Label 29,Category 2 Content 29
62,2,Category 2 Label 30,Category 2 Content 30
63,2,Category 2 Label 31,Category 2 Content 31
64,2,Category 2 Label 32,Category 2 Content 32
